{
    "data": [
        {
            "header": {
                "parameterNumber": 2,
                "parameterUnit": "m/s",
                "nx": 11,
                "ny": 11
            },
            "data": [
                -7.217009115376547,
                -4.683895701129233,
                2.547265342226495e-15,
                7.505054539300881,
                3.6347538725598527,
                0.6437322617882157,
                -0.3629547657060101,
                -3.2417534010355475,
                -3.2298561046049046,
                -4.976398565530443,
                -3.233246532964663,
                -4.981083229470295,
                -1.3766232923540318,
                0.7533699164365569,
                -2.902780391316932,
                9.296488277417438,
                10.840827724624297,
                6.876644452187055,
                -1.7542302283364206,
                -7.2648054088427685,
                -8.272407703894489,
                -1.7874357113510329,
                0.7107390870623786,
                1.7998053071223108,
                2.9047597471245084,
                8.03007010891465,
                10.861442936643185,
                10.045894683899487,
                12.279324052395474,
                -2.880147736233119,
                -4.32637281122647,
                -6.486172749262466,
                -8.683011669463312,
                4.981083229470295,
                3.9282454678631846,
                1.6655196468404002e-15,
                2.181643291108516,
                7.872708347886089,
                2.543633831087813,
                -3.625409138561936,
                -2.485363104321589,
                1.4235782507653008,
                0.7263847995832752,
                -9.70462707366739,
                6.122295146001596,
                5.087576656325104,
                1.0797650608505536,
                -2.149021206691006,
                0.3278554265973905,
                3.2039952536120455,
                -2.891410350820626,
                4.6421352007971475,
                2.880147736233118,
                -4.0330145504595105,
                -10.513876985422742,
                9.334970206477497,
                8.319851376878407,
                4.688551036221174,
                -1.7669289302057951,
                -2.2,
                -3.2526911934581184,
                6.518743047927909,
                1.7669289302057951,
                3.616017032810471,
                0.6557108531947776,
                -9.333809511662427,
                10.031810730249347,
                8.95274548489749,
                6.798696465013738,
                5.358438019581681,
                -1.7918397477265011,
                2.880147736233118,
                4.312631754255381,
                1.4235782507653008,
                -0.4,
                1.460965714322057,
                -11.894155390841926,
                8.621990754572435,
                9.7525531057989,
                8.922515159753878,
                1.8467702839738933,
                1.460965714322057,
                1.4333142502483949,
                5.785871491506981,
                -2.499280409439629,
                -4.283637201794505,
                5.4378467222198985,
                -8.910158695943942,
                11.14504617410967,
                11.14504617410967,
                8.679160172561879,
                1.7546182238821468,
                1.8017254983928963,
                2.5114736709748717,
                1.0549740469210387,
                -1.083267041673687,
                0.3434561916777804,
                4.033014550459512,
                -6.629807066588054,
                6.430842427582553,
                10.773691742806104,
                10.806465139037947,
                1.460965714322057,
                5.755336383148386,
                -2.5242120488351993,
                -0.3486229709906328,
                3.984778792366982,
                8.319851376878407,
                -13.849999999999998,
                -7.866463296490384,
                1.7874357113510322,
                3.5802788233257843,
                -1.7145055188062944e-16,
                2.1631599146222276,
                0.7071067811865475,
                2.8940993221413254,
                -2.187429987478853,
                7.958760696528401,
                -12.168721468183064,
                -8.516301568809155,
                -7.354604466123751
            ]
        },
        {
            "header": {
                "parameterNumber": 3,
                "parameterUnit": "m/s",
                "nx": 11,
                "ny": 11
            },