{"header": {"parameterUnit": "m/s", "parameterNumber": 2, "parameterNumberName": "Wind speed", "nx": 14, "ny": 12, "lo1": 124.0, "la1": 39.0, "lo2": 131.0, "la2": 33.0, "dx": 0.5, "dy": 0.5, "refTime": "now"}, "data": [10.407974514958811, -5.76923448093141, 8.320563465273988, -2.864999759222979, 7.185941174554807, 2.474317973874391, 6.156614753256583, 7.880107536067219, 0.9835662797921667, 14.06565310866352, -1.7998053071223108, 2.1449244407331376, 0.37681888494919563, 7.190132650232932, -2.743208830090071e-15, 11.2, 2.175222547292611, 11.19054989130337, 6.449999999999999, 11.17172770881926, 5.500502499874064, 16.928805990053732, 5.3999999999999995, 9.353074360871938, 3.6062445840513924, 3.6062445840513924, 2.1649947956686737, 2.4905416147351476, 7.580077219869421, -6.825132184860354, 6.16289295184922, -2.8738041798367555, 4.7128004925905795, 2.197614961051637, 4.702282018339785, 6.47213595499958, 5.357087896926652, 10.513876985422742, 8.21141261358802, 4.366085533908786, -12.470079627918867, 14.861262196508168, -8.741911491736937, 10.418204426418098, -4.680663690362691, 4.364789504399991, 3.93816119035957, 5.420413862312148, 7.584893794301164, 9.03932442880394, 10.403230962470195, 7.284420741658284, 2.8783838397598336, 0.3534210958749277, 1.7918397477265013, 4.667902132486009, 2.8729692039356185, -7.893418014601631, 2.1649947956686737, -2.4905416147351476, 1.4235782507653008, 3.197409101749103, 1.3891854213354426, 7.878462024097664, -1.4136843834997077, 11.513535359039336, -7.516018683207372, 11.573653837646852, -6.156614753256582, 7.88010753606722, -2.175222547292609, 11.19054989130337, 0.31409547032250873, 8.994517443171862, 4.333068166694747, -5.750175672340509, 5.074340152243906, -1.8469087739586112, 6.815049550106451, 1.0793978087775935, 7.200817765318393, 6.04220353105347, 1.7937955949114477, -3.2360929164157644, -1.0793978087775922, -6.815049550106451, -3.9402334420842124, -5.043268823083022, -4.685893304218873, -1.4326213531414118, -2.5242120488351985, 3.23084408978756, 1.1133848076805235, 7.922144549932563, -1.7640790772287933, 6.1520748540052415, -6.095202647831138, 9.036509540849956, 1.8467702839738944, 6.440453362786736, 11.138108726774528, 4.727846654720212, 3.9597979746446663, -3.9597979746446654, 1.4235782507653014, -3.197409101749103, 2.1729143493093033, -0.34415582308850784, 9.032169979936029, 1.1090110249868421, 11.493984162029944, 5.856477446640154, -6.77227622858224, -8.668118289673941, -7.587037345449282, -5.717242719944458, -7.600086505324834, -1.7546182238821488, -5.074340152243905, 1.8469087739586127, -1.8469087739586105, 5.074340152243906, 3.2118269105225195, 3.5670951622914924, 0.6945927106677213, 3.939231012048832, -3.587591189822893, 6.47218583283153, 1.7902220274375413, 7.180188374442374, -1.4171916423663515, 6.1385314081469815, 2.1631599146222276, 3.600102662948872, 4.314986839553106, -4.023790324368741, 10.093247807352348, -2.89419223607849, 10.04467114321956, 1.0557374790032998, -10.092681082344553, -9.411577368862481, -10.462125181619536, -7.883776803291832, -8.68301166946331, -6.0799102253210915, -5.4091846272187825, -1.4493866525741155, -2.192031021678298, 2.192031021678297, 3.616017032810471, 1.4609657143220567, 2.8833635269318485, 1.8017254983928965, 3.603450996785793, 5.766727053863696, -6.486172749262467, 2.887830165838178, -7.837739514543061e-16, 3.2, -1.0606601717798214, 1.060660171779821, -4.666904755831213, -4.666904755831214, 7.549104196855083, -11.192007229493061, 11.47831870716605, -6.103130316216582, -11.89033321029165, -9.62860198306252, -10.06404681534509, -6.535668420180324, -8.314254606237347, -1.767249371950958, -7.5260373224359345, 1.0577155672964975, -5.087576656325104, 0.3557580160950386, -0.33991869381244205, -1.046162167924669, 2.8833635269318485, -1.8017254983928963, -1.0886485301985038, -4.366330768241984, -4.667902132486008, -1.7918397477265036, -1.7616493236768958, -0.7117525274902333, -0.7263847995832752, 1.4256104387013886, -2.1665340833473743, -2.875087836170254, 8.224049428726913, -12.6639255759759, 11.169701787297027, -9.709673629059507, -12.663925575975904, -8.224049428726907, -8.196675541373063, -6.8778274236459715, -9.061641602502688, -2.092044805397947, -10.393664600998596, -0.36295476570600793, -7.210124886344505, -1.1419715947936866, -0.7352419856890845, -4.6421352007971475, -0.3479327524001638, -2.475670171853926, -0.3479327524001638, -2.475670171853926, -5.4091846272187825, 1.4493866525741135, 1.4499999999999997, 2.511473670974872, 2.5114736709748717, 1.4500000000000002, -5.34744757120448, 0.7515347451843536, 9.064670118416958, -15.086144492357176, 10.093575728924979, -10.824034783963723, -9.061641602502688, -2.092044805397947, -7.2008177653183925, -6.042203531053471, -9.355568503977862, -4.766900247265243, -7.210124886344505, -1.1419715947936866, -9.394273773979501, -0.3280552690035072, -2.116193003971519, -6.145870741395559, 1.7874357113510333, -1.4474368994146256, 0.34345619167778096, -1.7669289302057951, -0.7166571251241974, -2.499280409439629, 0.7423384793347545, 3.2154212137912763, -2.493024310163928, 2.867896404846533, -3.9754388860199628, -7.171881598543045, 7.619257005540838, -17.94984464232259, 10.863110603702516, -12.946151088710726, -8.652886410017485, -4.600821315301729, -2.5648410533120627, -7.893769085249776, -4.6796222421523135, 2.488199282765219, -5.087576656325103, -0.35575801609504043, -6.0916401620029, -0.31924933308196024, -0.3534210958749272, -2.878383839759834, -3.5748714227020644, -2.894873798829254, 2.8512208774027776, -1.4527695991665497, 0.3449439287832573, -3.2819222547153015, -4.283637201794505, -0.37476969381493047, -8.319851376878407, -2.5436338310878126, 11.395161543462628, -22.364263757128032, 7.704910915223954, -20.071979169689836, 12.586407820996747, -15.542919229139418, 0.35248491669526155, -10.093847352892867, 2.480736202352993, -8.65135526344487, 1.0606601717798214, -1.0606601717798212, -0.34415582308850845, 2.172914349309303, 1.046162167924669, -0.3399186938124421, 0.37630246776355347, -3.580278823325784, -2.192031021678297, -2.192031021678298, -0.7117525274902328, -1.761649323676896, 0.7107390870623792, -2.1874299874788528, -7.8801075360672215, -6.156614753256581, 9.688002344038608, -19.863348423211594, 11.349762493488672, -22.275163104709193, 9.999744287339473, -18.806783727895144, 12.216844969986578, -16.21230085396005, 11.501760229563171, -9.313941787537592, 6.58286224622343, -12.919594600731333, 4.702282018339786, -6.472135954999579, -0.3486229709906318, -3.984778792366982, 2.180852323535913, -3.2332465329646625, 2.138415658052083, -1.0895771993749122, 2.187429987478853, -0.7107390870623789, 0.7071067811865476, -0.7071067811865475, 1.4256104387013888, -0.7263847995832748, -2.1727182418122917, 5.377666356487366, 5.339317733097368, -15.506504639828796, 11.075312622473982, -17.7242052096693, 10.904261617679564, -16.166232664823312, 9.273587124081086, -14.840841682737453]}