{
  "header": {
    "parameterUnit": "m/s",
    "parameterNumber": 2,
    "parameterNumberName": "Wind",
    "refTime": "2025-05-28T00:00",
    "la1": 38.0,
    "la2": 33.0,
    "lo1": 125.0,
    "lo2": 130.0,
    "nx": 11,
    "ny": 11,
    "dx": 0.5,
    "dy": 0.5
  },
  "data": [
    [
      -7.217009115376547,
      -3.2132194802988217
    ],
    [
      -4.683895701129233,
      -7.212566884330647
    ],
    [
      2.547265342226495e-15,
      -10.4
    ],
    [
      7.505054539300881,
      -3.9905082836800685
    ],
    [
      3.6347538725598527,
      -5.388744221607772
    ],
    [
      0.6437322617882157,
      -12.283143277481258
    ],
    [
      -0.3629547657060101,
      -10.393664600998596
    ],
    [
      -3.2417534010355475,
      -13.001962732098352
    ],
    [
      -3.2298561046049046,
      -18.31742420602707
    ],
    [
      -4.976398565530443,
      -9.359244484304625
    ],
    [
      -3.233246532964663,
      -2.1808523235359125
    ],
    [
      -4.981083229470295,
      -4.329989591337347
    ],
    [
      -1.3766232923540318,
      -8.691657397237213
    ],
    [
      0.7533699164365569,
      -10.773691742806102
    ],
    [
      -2.902780391316932,
      -7.5620014546273335
    ],
    [
      9.296488277417438,
      -11.898962379461501
    ],
    [
      10.840827724624297,
      -7.876322380719137
    ],
    [
      6.876644452187055,
      -4.99617464448602
    ],
    [
      -1.7542302283364206,
      -5.737828535778212
    ],
    [
      -7.2648054088427685,
      -9.29852689255932
    ],
    [
      -8.272407703894489,
      -7.988571260278468
    ],
    [
      -1.7874357113510329,
      -1.447436899414626
    ],
    [
      0.7107390870623786,
      2.187429987478853
    ],
    [
      1.7998053071223108,
      -2.1449244407331376
    ],
    [
      2.9047597471245084,
      -8.939931253174443
    ],
    [
      8.03007010891465,
      -11.468128620045881
    ],
    [
      10.861442936643185,
      -8.184684314867852
    ],
    [
      10.045894683899487,
      -5.800000000000001
    ],
    [
      12.279324052395474,
      -1.7257464519048118
    ],
    [
      -2.880147736233119,
      3.9641832724372423
    ],
    [
      -4.32637281122647,
      -1.8364363038995866
    ],
    [
      -6.486172749262466,
      -2.8878301658381815
    ],
    [
      -8.683011669463312,
      -6.079910225321088
    ],
    [
      4.981083229470295,
      4.329989591337347
    ],
    [
      3.9282454678631846,
      -1.7489675652259389
    ],
    [
      1.6655196468404002e-15,
      -6.8
    ],
    [
      2.181643291108516,
      -3.9357886821272814
    ],
    [
      7.872708347886089,
      -9.056514962673262
    ],
    [
      2.543633831087813,
      -8.319851376878407
    ],
    [
      -3.625409138561936,
      -11.858178973941639
    ],
    [
      -2.485363104321589,
      -1.0549740469210391
    ],
    [
      1.4235782507653008,
      3.197409101749103
    ],
    [
      0.7263847995832752,
      -1.4256104387013886
    ],
    [
      -9.70462707366739,
      1.3638963894086407
    ],
    [
      6.122295146001596,
      3.9758649556096968
    ],
    [
      5.087576656325104,
      -0.3557580160950386
    ],
    [
      1.0797650608505536,
      -4.6769763109691285
    ],
    [
      -2.149021206691006,
      -5.062776693988422
    ],
    [
      0.3278554265973905,
      -4.688551036221174
    ],
    [
      3.2039952536120455,
      -7.548139798310009
    ],
    [
      -2.891410350820626,
      -6.811735915548059
    ],
    [
      4.6421352007971475,
      -0.7352419856890842
    ],
    [
      2.880147736233118,
      3.9641832724372428
    ],
    [
      -4.0330145504595105,
      8.268905225952336
    ],
    [
      -10.513876985422742,
      5.357087896926652
    ],
    [
      9.334970206477497,
      4.352968095929202
    ],
    [
      8.319851376878407,
      2.5436338310878126
    ],
    [
      4.688551036221174,
      0.32785542659739025
    ],
    [
      -1.7669289302057951,
      0.34345619167778063
    ],
    [
      -2.2,
      -1.3471114790620887e-16
    ],
    [
      -3.2526911934581184,
      -3.2526911934581184
    ],
    [
      6.518743047927909,
      -1.0324674692655225
    ],
    [
      1.7669289302057951,
      0.3434561916777803
    ],
    [
      3.616017032810471,
      -1.4609657143220567
    ],
    [
      0.6557108531947776,
      9.377102072442348
    ],
    [
      -9.333809511662427,
      9.333809511662427
    ],
    [
      10.031810730249347,
      7.288537128426668
    ],
    [
      8.95274548489749,
      3.986019102142841
    ],
    [
      6.798696465013738,
      3.614931033451359
    ],
    [
      5.358438019581681,
      4.658019105832602
    ],
    [
      -1.7918397477265011,
      4.667902132486009
    ],
    [
      2.880147736233118,
      3.9641832724372428
    ],
    [
      4.312631754255381,
      3.2498011250210608
    ],
    [
      1.4235782507653008,
      3.197409101749103
    ],
    [
      -0.4,
      -2.4492935982947065e-17
    ],
    [
      1.460965714322057,
      3.616017032810471
    ],
    [
      -11.894155390841926,
      14.68805867153675
    ],
    [
      8.621990754572435,
      5.815606196095764
    ],
    [
      9.7525531057989,
      6.094071538681858
    ],
    [
      8.922515159753878,
      8.320379992762483
    ],
    [
      1.8467702839738933,
      6.440453362786736
    ],
    [
      1.460965714322057,
      3.616017032810471
    ],
    [
      1.4333142502483949,
      4.998560818879258
    ],
    [
      5.785871491506981,
      -0.40458754771592625
    ],
    [
      -2.499280409439629,
      -0.7166571251241979
    ],
    [
      -4.283637201794505,
      -0.37476969381492997
    ],
    [
      5.4378467222198985,
      -2.5357095704441974
    ],
    [
      -8.910158695943942,
      14.828994302146542
    ],
    [
      11.14504617410967,
      5.435802220184564
    ],
    [
      11.14504617410967,
      5.435802220184564
    ],
    [
      8.679160172561879,
      7.544678833390834
    ],
    [
      1.7546182238821468,
      7.6000865053248345
    ],
    [
      1.8017254983928963,
      2.8833635269318485
    ],
    [
      2.5114736709748717,
      1.4500000000000013
    ],
    [
      1.0549740469210387,
      2.485363104321589
    ],
    [
      -1.083267041673687,
      -1.437543918085127
    ],
    [
      0.3434561916777804,
      -1.7669289302057951
    ],
    [
      4.033014550459512,
      8.268905225952334
    ],
    [
      -6.629807066588054,
      17.271237890198233
    ],
    [
      6.430842427582553,
      -1.4846769586695083
    ],
    [
      10.773691742806104,
      -0.7533699164365524
    ],
    [
      10.806465139037947,
      3.9332316482451883
    ],
    [
      1.460965714322057,
      3.616017032810471
    ],
    [
      5.755336383148386,
      2.5624408513775405
    ],
    [
      -2.5242120488351993,
      3.2308440897875594
    ],
    [
      -0.3486229709906328,
      3.984778792366982
    ],
    [
      3.984778792366982,
      0.348622970990633
    ],
    [
      8.319851376878407,
      2.5436338310878126
    ],
    [
      -13.849999999999998,
      23.98890368482895
    ],
    [
      -7.866463296490384,
      21.61293027807589
    ],
    [
      1.7874357113510322,
      1.447436899414627
    ],
    [
      3.5802788233257843,
      -0.37630246776355075
    ],
    [
      -1.7145055188062944e-16,
      1.4
    ],
    [
      2.1631599146222276,
      3.600102662948872
    ],
    [
