{
  "header": {
    "parameterUnit": "m/s",
    "parameterNumber": 2,
    "parameterNumberName": "Wind",
    "refTime": "2025-05-28T00:00",
    "la1": 38.5,
    "la2": 34.5,
    "lo1": 125.8,
    "lo2": 129.8,
    "nx": 168,
    "ny": 1,
    "dx": 1.0,
    "dy": 1.0
  },
  "data": [
    [
      3.281922254715302,
      -0.3449439287832548
    ],
    [
      1.7874357113510326,
      -1.447436899414626
    ],
    [
      2.5079526825623377,
      -1.8221342821066662
    ],
    [
      3.2154212137912763,
      -0.7423384793347542
    ],
    [
      2.192031021678298,
      -2.192031021678297
    ],
    [
      1.0606601717798214,
      -1.060660171779821
    ],
    [
      1.0606601717798212,
      1.0606601717798214
    ],
    [
      1.7669289302057951,
      0.3434561916777803
    ],
    [
      1.8,
      3.3065463576978537e-16
    ],
    [
      3.1974091017491038,
      -1.4235782507652992
    ],
    [
      3.2526911934581193,
      -3.2526911934581175
    ],
    [
      2.87726160734309,
      -3.195522749552795
    ],
    [
      4.998560818879258,
      -1.4333142502483969
    ],
    [
      7.893418014601631,
      -2.87296920393562
    ],
    [
      9.353074360871938,
      -5.400000000000001
    ],
    [
      8.67916017256188,
      -7.544678833390831
    ],
    [
      8.683011669463312,
      -6.079910225321088
    ],
    [
      7.924450592339109,
      -6.888619804400324
    ],
    [
      -8.987963899415753,
      -1.4235536318661013
    ],
    [
      -10.100734301164017,
      1.4195656297926664
    ],
    [
      -7.61298541110786,
      -3.5499933986218752
    ],
    [
      -5.074340152243905,
      -1.8469087739586119
    ],
    [
      -3.6339580726595346,
      -1.1110124779463997
    ],
    [
      -4.366330768241984,
      -1.0886485301985045
    ],
    [
      -3.2819222547153015,
      -0.3449439287832564
    ],
    [
      -3.2154212137912763,
      -0.7423384793347542
    ],
    [
      -2.5079526825623373,
      -1.8221342821066668
    ],
    [
      -1.7998053071223097,
      -2.1449244407331385
    ],
    [
      -1.1109406435904308,
      -2.8940993221413254
    ],
    [
      -2.1920310216782974,
      -2.1920310216782974
    ],
    [
      -2.485363104321589,
      -1.0549740469210391
    ],
    [
      -2.9,
      -1.7757378587636622e-16
    ],
    [
      -3.616017032810471,
      1.4609657143220571
    ],
    [
      -2.1874299874788528,
      -0.7107390870623791
    ],
    [
      -1.7677669529663689,
      -1.7677669529663689
    ],
    [
      -2.1649947956686737,
      -2.4905416147351476
    ],
    [
      -2.8678964048465336,
      -2.4930243101639276
    ],
    [
      -2.1920310216782974,
      -2.1920310216782974
    ],
    [
      -0.7257656867990032,
      -2.9108871788279895
    ],
    [
      -0.710739087062379,
      -2.1874299874788528
    ],
    [
      -1.4,
      -8.572527594031472e-17
    ],
    [
      -10.773691742806102,
      0.7533699164365536
    ],
    [
      -6.153786140176197,
      0.7555899291119137
    ],
    [
      0.3557580160950407,
      -5.087576656325103
    ],
    [
      -0.3479327524001636,
      -2.475670171853926
    ],
    [
      -7.889173324561134,
      -0.41345405431925736
    ],
    [
      -6.092338390726596,
      -3.239353783222647
    ],
    [
      -6.467184310807044,
      -2.1013155617496424
    ],
    [
      -6.535062985480412,
      -2.5085756468171025
    ],
    [
      -6.1194134401407965,
      -2.4724035165450187
    ],
    [
      -5.377666356487367,
      -2.1727182418122895
    ],
    [
      -5.791600382341218,
      -1.125773072721615
    ],
    [
      -4.998560818879258,
      -1.4333142502483958
    ],
    [
      -4.667902132486009,
      -1.791839747726502
    ],
    [
      -3.9282454678631837,
      -1.7489675652259409
    ],
    [
      -2.1920310216782974,
      -2.1920310216782974
    ],
    [
      -4.6421352007971475,
      0.7352419856890848
    ],
    [
      -5.421022142882376,
      1.7613968679371999
    ],
    [
      -7.180188374442374,
      1.7902220274375418
    ],
    [
      -8.65135526344487,
      2.4807362023529915
    ],
    [
      -11.1506356728845,
      3.197393327477189
    ],
    [
      -11.08837292527372,
      4.035837691242891
    ],
    [
      -6.5144714853360535,
      3.9142893693164122
    ],
    [
      1.7937955949114468,
      3.236092916415765
    ],
    [
      3.9282454678631846,
      -1.7489675652259389
    ],
    [
      2.902780391316936,
      -7.562001454627332
    ],
    [
      -3.9758649556096977,
      -6.122295146001595
    ],
    [
      -8.268415994161488,
      -0.7233926648055626
    ],
    [
      -5.385980316439453,
      -2.863776532993934
    ],
    [
      -4.667902132486009,
      -1.791839747726502
    ],
    [
      -3.939231012048832,
      -0.6945927106677217
    ],
    [
      -4.32637281122647,
      -1.8364363038995866
    ],
    [
      -1.4527695991665497,
      -2.8512208774027776
    ],
    [
      -1.8221342821066668,
      -2.5079526825623373
    ],
    [
      -1.8221342821066668,
      -2.5079526825623373
    ],
    [
      1.0606601717798214,
      -1.060660171779821
    ],
    [
      4.676976310969129,
      -1.0797650608505516
    ],
    [
      0.3486229709906333,
      -3.984778792366982
    ],
    [
      4.312631754255383,
      -3.249801125021059
    ],
    [
      4.366330768241984,
      -1.0886485301985034
    ],
    [
      4.32637281122647,
      -1.8364363038995855
    ],
    [
      4.012982057577931,
      -3.6133052743378324
    ],
    [
      7.200817765318394,
      -6.042203531053469
    ],
    [
      6.825559592577453,
      -9.747909327039
    ],
    [
      7.250000000000006,
      -12.557368354874356
    ],
    [
      6.719630361677118,
      -14.410293813882737
    ],
    [
      5.450271017215722,
      -12.241509132410853
    ],
    [
      9.992349288972047,
      -13.753288904374104
    ],
    [
      8.96704384496552,
      -11.899669099704663
    ],
    [
      8.922515159753878,
      -8.320379992762483
    ],
    [
      10.800307988846615,
      -6.489479743866682
    ],
    [
      6.148780366869514,
      -3.5500000000000007
    ],
    [
      6.13945309551007,
      -4.971631089293717
    ],
    [
      5.38874422160777,
      -3.6347538725598554
    ],
    [
      2.500000000000002,
      -4.330127018922192
    ],
    [
      0.3763024677635523,
      -3.580278823325784
    ],
    [
      1.0815799573111144,
      -1.8000513314744355
    ],
    [
      2.475670171853926,
      0.3479327524001646
    ],
    [
      3.2,
      5.878304635907295e-16
    ],
    [
      2.8783838397598336,
      -0.35342109587492826
    ],
    [
      2.499280409439629,
      -0.7166571251241984
    ],
    [
      2.475670171853926,
      0.3479327524001646
    ],
    [
      1.4256104387013886,
      0.7263847995832751
    ],
    [
      3.233246532964663,
      2.1808523235359116
    ],
    [
      3.564026096753471,
      1.8159619989581877
    ],
    [
      5.78819864428265,
      2.2218812871808646
    ],
    [
      8.272385125302547,
      1.458644692402215
    ],
    [
      12.60533612584479,
      1.547740661245369
    ],
    [
      15.162973563949329,
      -1.0602984009107033
    ],
    [
      16.177798463024097,
      -0.8478424911356919
    ],
    [
      14.779717114367694,
      0.7745721523955758
    ],
    [
      13.34900895442939,
      -1.1678869528186158
    ],
    [
      14.080676440039491,
      -0.7379369830255096
    ],
    [
      15.1,
